<launch4jConfig>
  <dontWrapJar>true</dontWrapJar>
  <headerType>console</headerType>
  <jar>mgatland_ld21.jar</jar>
  <outfile>K:\i\dev\appengine\LD21_meritous\ld21_localcoder_console.exe</outfile>
  <errTitle></errTitle>
  <cmdLine></cmdLine>
  <chdir>.</chdir>
  <priority>normal</priority>
  <downloadUrl>http://java.com/download</downloadUrl>
  <supportUrl></supportUrl>
  <customProcName>false</customProcName>
  <stayAlive>true</stayAlive>
  <manifest></manifest>
  <icon></icon>
  <jre>
    <path></path>
    <minVersion>1.6.0</minVersion>
    <maxVersion>1.7.0</maxVersion>
    <jdkPreference>preferJre</jdkPreference>
    <opt>-Djava.library.path=lib</opt>
  </jre>
</launch4jConfig>